run_id,timestamp,platform_label,model_id,image_path,image_size,max_new_tokens,status,device,torch_version,torch_cuda_available,transformers_version,load_latency_ms,latency_ms,generate_ms,peak_memory_mb,final_decision,category,severity,reason,parse_success,output_text_chars,output_text,error,device_info
1,2026-05-06T16:32:43.582134+00:00,jetson_orin_nano,HuggingFaceTB/SmolVLM2-256M-Video-Instruct,results/figures/camera_v05_positive_detection.jpg,384x216,8,success,cuda,2.8.0,True,5.8.0,4817.17,1675.01,1366.16,854.06,NORMAL,,,,True,2,NO,,"{""cuda_device"": ""Orin"", ""df_h"": ""Filesystem      Size  Used Avail Use% Mounted on | /dev/nvme0n1p1  233G   33G  188G  15% /"", ""free_h"": ""total        used        free      shared  buff/cache   available | Mem:           7.4Gi       2.4Gi       1.8Gi        37Mi       3.2Gi       4.8Gi | Swap:          3.7Gi       0.0Ki       3.7Gi"", ""l4t"": ""# R36 (release), REVISION: 4.3, GCID: 38968081, BOARD: generic, EABI: aarch64, DATE: Wed Jan  8 01:49:37 UTC 2025\n# KERNEL_VARIANT: oot\nTARGET_USERSPACE_LIB_DIR=nvidia\nTARGET_USERSPACE_LIB_DIR_PATH=usr/lib/aarch64-linux-gnu/nvidia"", ""nvidia_smi"": ""Thu May  7 00:32:31 2026        | +---------------------------------------------------------------------------------------+ | | NVIDIA-SMI 540.4.0                Driver Version: 540.4.0      CUDA Version: 12.6     | | |-----------------------------------------+----------------------+----------------------+ | | GPU  Name                 Persistence-M | Bus-Id        Disp.A | Volatile Uncorr. ECC | | | Fan  Temp   Perf          Pwr:Usage/Cap |         Memory-Usage | GPU-Util  Compute M. | | |     "", ""platform"": ""Linux-5.15.148-tegra-aarch64-with-glibc2.35"", ""python"": ""3.10.12"", ""tegrastats_available"": true, ""torch_available"": true, ""torch_cuda_available"": true, ""torch_error"": """", ""torch_version"": ""2.8.0"", ""transformers_available"": true, ""transformers_error"": """", ""transformers_version"": ""5.8.0"", ""uname"": ""Linux rainbow-desktop 5.15.148-tegra #1 SMP PREEMPT Tue Jan 7 17:14:38 PST 2025 aarch64 aarch64 aarch64 GNU/Linux""}"
2,2026-05-06T16:32:44.512617+00:00,jetson_orin_nano,HuggingFaceTB/SmolVLM2-256M-Video-Instruct,results/figures/camera_v05_positive_detection.jpg,384x216,8,success,cuda,2.8.0,True,5.8.0,4817.17,930.32,621.18,855.06,NORMAL,,,,True,2,NO,,"{""cuda_device"": ""Orin"", ""df_h"": ""Filesystem      Size  Used Avail Use% Mounted on | /dev/nvme0n1p1  233G   33G  188G  15% /"", ""free_h"": ""total        used        free      shared  buff/cache   available | Mem:           7.4Gi       2.4Gi       1.8Gi        37Mi       3.2Gi       4.8Gi | Swap:          3.7Gi       0.0Ki       3.7Gi"", ""l4t"": ""# R36 (release), REVISION: 4.3, GCID: 38968081, BOARD: generic, EABI: aarch64, DATE: Wed Jan  8 01:49:37 UTC 2025\n# KERNEL_VARIANT: oot\nTARGET_USERSPACE_LIB_DIR=nvidia\nTARGET_USERSPACE_LIB_DIR_PATH=usr/lib/aarch64-linux-gnu/nvidia"", ""nvidia_smi"": ""Thu May  7 00:32:31 2026        | +---------------------------------------------------------------------------------------+ | | NVIDIA-SMI 540.4.0                Driver Version: 540.4.0      CUDA Version: 12.6     | | |-----------------------------------------+----------------------+----------------------+ | | GPU  Name                 Persistence-M | Bus-Id        Disp.A | Volatile Uncorr. ECC | | | Fan  Temp   Perf          Pwr:Usage/Cap |         Memory-Usage | GPU-Util  Compute M. | | |     "", ""platform"": ""Linux-5.15.148-tegra-aarch64-with-glibc2.35"", ""python"": ""3.10.12"", ""tegrastats_available"": true, ""torch_available"": true, ""torch_cuda_available"": true, ""torch_error"": """", ""torch_version"": ""2.8.0"", ""transformers_available"": true, ""transformers_error"": """", ""transformers_version"": ""5.8.0"", ""uname"": ""Linux rainbow-desktop 5.15.148-tegra #1 SMP PREEMPT Tue Jan 7 17:14:38 PST 2025 aarch64 aarch64 aarch64 GNU/Linux""}"
3,2026-05-06T16:32:45.373398+00:00,jetson_orin_nano,HuggingFaceTB/SmolVLM2-256M-Video-Instruct,results/figures/camera_v05_positive_detection.jpg,384x216,8,success,cuda,2.8.0,True,5.8.0,4817.17,860.65,586.45,855.06,NORMAL,,,,True,2,NO,,"{""cuda_device"": ""Orin"", ""df_h"": ""Filesystem      Size  Used Avail Use% Mounted on | /dev/nvme0n1p1  233G   33G  188G  15% /"", ""free_h"": ""total        used        free      shared  buff/cache   available | Mem:           7.4Gi       2.4Gi       1.8Gi        37Mi       3.2Gi       4.8Gi | Swap:          3.7Gi       0.0Ki       3.7Gi"", ""l4t"": ""# R36 (release), REVISION: 4.3, GCID: 38968081, BOARD: generic, EABI: aarch64, DATE: Wed Jan  8 01:49:37 UTC 2025\n# KERNEL_VARIANT: oot\nTARGET_USERSPACE_LIB_DIR=nvidia\nTARGET_USERSPACE_LIB_DIR_PATH=usr/lib/aarch64-linux-gnu/nvidia"", ""nvidia_smi"": ""Thu May  7 00:32:31 2026        | +---------------------------------------------------------------------------------------+ | | NVIDIA-SMI 540.4.0                Driver Version: 540.4.0      CUDA Version: 12.6     | | |-----------------------------------------+----------------------+----------------------+ | | GPU  Name                 Persistence-M | Bus-Id        Disp.A | Volatile Uncorr. ECC | | | Fan  Temp   Perf          Pwr:Usage/Cap |         Memory-Usage | GPU-Util  Compute M. | | |     "", ""platform"": ""Linux-5.15.148-tegra-aarch64-with-glibc2.35"", ""python"": ""3.10.12"", ""tegrastats_available"": true, ""torch_available"": true, ""torch_cuda_available"": true, ""torch_error"": """", ""torch_version"": ""2.8.0"", ""transformers_available"": true, ""transformers_error"": """", ""transformers_version"": ""5.8.0"", ""uname"": ""Linux rainbow-desktop 5.15.148-tegra #1 SMP PREEMPT Tue Jan 7 17:14:38 PST 2025 aarch64 aarch64 aarch64 GNU/Linux""}"
4,2026-05-06T16:32:46.214626+00:00,jetson_orin_nano,HuggingFaceTB/SmolVLM2-256M-Video-Instruct,results/figures/camera_v05_positive_detection.jpg,384x216,8,success,cuda,2.8.0,True,5.8.0,4817.17,841.1,583.22,855.06,NORMAL,,,,True,2,NO,,"{""cuda_device"": ""Orin"", ""df_h"": ""Filesystem      Size  Used Avail Use% Mounted on | /dev/nvme0n1p1  233G   33G  188G  15% /"", ""free_h"": ""total        used        free      shared  buff/cache   available | Mem:           7.4Gi       2.4Gi       1.8Gi        37Mi       3.2Gi       4.8Gi | Swap:          3.7Gi       0.0Ki       3.7Gi"", ""l4t"": ""# R36 (release), REVISION: 4.3, GCID: 38968081, BOARD: generic, EABI: aarch64, DATE: Wed Jan  8 01:49:37 UTC 2025\n# KERNEL_VARIANT: oot\nTARGET_USERSPACE_LIB_DIR=nvidia\nTARGET_USERSPACE_LIB_DIR_PATH=usr/lib/aarch64-linux-gnu/nvidia"", ""nvidia_smi"": ""Thu May  7 00:32:31 2026        | +---------------------------------------------------------------------------------------+ | | NVIDIA-SMI 540.4.0                Driver Version: 540.4.0      CUDA Version: 12.6     | | |-----------------------------------------+----------------------+----------------------+ | | GPU  Name                 Persistence-M | Bus-Id        Disp.A | Volatile Uncorr. ECC | | | Fan  Temp   Perf          Pwr:Usage/Cap |         Memory-Usage | GPU-Util  Compute M. | | |     "", ""platform"": ""Linux-5.15.148-tegra-aarch64-with-glibc2.35"", ""python"": ""3.10.12"", ""tegrastats_available"": true, ""torch_available"": true, ""torch_cuda_available"": true, ""torch_error"": """", ""torch_version"": ""2.8.0"", ""transformers_available"": true, ""transformers_error"": """", ""transformers_version"": ""5.8.0"", ""uname"": ""Linux rainbow-desktop 5.15.148-tegra #1 SMP PREEMPT Tue Jan 7 17:14:38 PST 2025 aarch64 aarch64 aarch64 GNU/Linux""}"
5,2026-05-06T16:32:47.047334+00:00,jetson_orin_nano,HuggingFaceTB/SmolVLM2-256M-Video-Instruct,results/figures/camera_v05_positive_detection.jpg,384x216,8,success,cuda,2.8.0,True,5.8.0,4817.17,832.57,574.53,855.06,NORMAL,,,,True,2,NO,,"{""cuda_device"": ""Orin"", ""df_h"": ""Filesystem      Size  Used Avail Use% Mounted on | /dev/nvme0n1p1  233G   33G  188G  15% /"", ""free_h"": ""total        used        free      shared  buff/cache   available | Mem:           7.4Gi       2.4Gi       1.8Gi        37Mi       3.2Gi       4.8Gi | Swap:          3.7Gi       0.0Ki       3.7Gi"", ""l4t"": ""# R36 (release), REVISION: 4.3, GCID: 38968081, BOARD: generic, EABI: aarch64, DATE: Wed Jan  8 01:49:37 UTC 2025\n# KERNEL_VARIANT: oot\nTARGET_USERSPACE_LIB_DIR=nvidia\nTARGET_USERSPACE_LIB_DIR_PATH=usr/lib/aarch64-linux-gnu/nvidia"", ""nvidia_smi"": ""Thu May  7 00:32:31 2026        | +---------------------------------------------------------------------------------------+ | | NVIDIA-SMI 540.4.0                Driver Version: 540.4.0      CUDA Version: 12.6     | | |-----------------------------------------+----------------------+----------------------+ | | GPU  Name                 Persistence-M | Bus-Id        Disp.A | Volatile Uncorr. ECC | | | Fan  Temp   Perf          Pwr:Usage/Cap |         Memory-Usage | GPU-Util  Compute M. | | |     "", ""platform"": ""Linux-5.15.148-tegra-aarch64-with-glibc2.35"", ""python"": ""3.10.12"", ""tegrastats_available"": true, ""torch_available"": true, ""torch_cuda_available"": true, ""torch_error"": """", ""torch_version"": ""2.8.0"", ""transformers_available"": true, ""transformers_error"": """", ""transformers_version"": ""5.8.0"", ""uname"": ""Linux rainbow-desktop 5.15.148-tegra #1 SMP PREEMPT Tue Jan 7 17:14:38 PST 2025 aarch64 aarch64 aarch64 GNU/Linux""}"
6,2026-05-06T16:32:47.948311+00:00,jetson_orin_nano,HuggingFaceTB/SmolVLM2-256M-Video-Instruct,results/figures/camera_v05_positive_detection.jpg,384x216,8,success,cuda,2.8.0,True,5.8.0,4817.17,900.84,598.81,855.06,NORMAL,,,,True,2,NO,,"{""cuda_device"": ""Orin"", ""df_h"": ""Filesystem      Size  Used Avail Use% Mounted on | /dev/nvme0n1p1  233G   33G  188G  15% /"", ""free_h"": ""total        used        free      shared  buff/cache   available | Mem:           7.4Gi       2.4Gi       1.8Gi        37Mi       3.2Gi       4.8Gi | Swap:          3.7Gi       0.0Ki       3.7Gi"", ""l4t"": ""# R36 (release), REVISION: 4.3, GCID: 38968081, BOARD: generic, EABI: aarch64, DATE: Wed Jan  8 01:49:37 UTC 2025\n# KERNEL_VARIANT: oot\nTARGET_USERSPACE_LIB_DIR=nvidia\nTARGET_USERSPACE_LIB_DIR_PATH=usr/lib/aarch64-linux-gnu/nvidia"", ""nvidia_smi"": ""Thu May  7 00:32:31 2026        | +---------------------------------------------------------------------------------------+ | | NVIDIA-SMI 540.4.0                Driver Version: 540.4.0      CUDA Version: 12.6     | | |-----------------------------------------+----------------------+----------------------+ | | GPU  Name                 Persistence-M | Bus-Id        Disp.A | Volatile Uncorr. ECC | | | Fan  Temp   Perf          Pwr:Usage/Cap |         Memory-Usage | GPU-Util  Compute M. | | |     "", ""platform"": ""Linux-5.15.148-tegra-aarch64-with-glibc2.35"", ""python"": ""3.10.12"", ""tegrastats_available"": true, ""torch_available"": true, ""torch_cuda_available"": true, ""torch_error"": """", ""torch_version"": ""2.8.0"", ""transformers_available"": true, ""transformers_error"": """", ""transformers_version"": ""5.8.0"", ""uname"": ""Linux rainbow-desktop 5.15.148-tegra #1 SMP PREEMPT Tue Jan 7 17:14:38 PST 2025 aarch64 aarch64 aarch64 GNU/Linux""}"
7,2026-05-06T16:32:48.791643+00:00,jetson_orin_nano,HuggingFaceTB/SmolVLM2-256M-Video-Instruct,results/figures/camera_v05_positive_detection.jpg,384x216,8,success,cuda,2.8.0,True,5.8.0,4817.17,843.19,584.12,855.06,NORMAL,,,,True,2,NO,,"{""cuda_device"": ""Orin"", ""df_h"": ""Filesystem      Size  Used Avail Use% Mounted on | /dev/nvme0n1p1  233G   33G  188G  15% /"", ""free_h"": ""total        used        free      shared  buff/cache   available | Mem:           7.4Gi       2.4Gi       1.8Gi        37Mi       3.2Gi       4.8Gi | Swap:          3.7Gi       0.0Ki       3.7Gi"", ""l4t"": ""# R36 (release), REVISION: 4.3, GCID: 38968081, BOARD: generic, EABI: aarch64, DATE: Wed Jan  8 01:49:37 UTC 2025\n# KERNEL_VARIANT: oot\nTARGET_USERSPACE_LIB_DIR=nvidia\nTARGET_USERSPACE_LIB_DIR_PATH=usr/lib/aarch64-linux-gnu/nvidia"", ""nvidia_smi"": ""Thu May  7 00:32:31 2026        | +---------------------------------------------------------------------------------------+ | | NVIDIA-SMI 540.4.0                Driver Version: 540.4.0      CUDA Version: 12.6     | | |-----------------------------------------+----------------------+----------------------+ | | GPU  Name                 Persistence-M | Bus-Id        Disp.A | Volatile Uncorr. ECC | | | Fan  Temp   Perf          Pwr:Usage/Cap |         Memory-Usage | GPU-Util  Compute M. | | |     "", ""platform"": ""Linux-5.15.148-tegra-aarch64-with-glibc2.35"", ""python"": ""3.10.12"", ""tegrastats_available"": true, ""torch_available"": true, ""torch_cuda_available"": true, ""torch_error"": """", ""torch_version"": ""2.8.0"", ""transformers_available"": true, ""transformers_error"": """", ""transformers_version"": ""5.8.0"", ""uname"": ""Linux rainbow-desktop 5.15.148-tegra #1 SMP PREEMPT Tue Jan 7 17:14:38 PST 2025 aarch64 aarch64 aarch64 GNU/Linux""}"
8,2026-05-06T16:32:49.640440+00:00,jetson_orin_nano,HuggingFaceTB/SmolVLM2-256M-Video-Instruct,results/figures/camera_v05_positive_detection.jpg,384x216,8,success,cuda,2.8.0,True,5.8.0,4817.17,848.66,589.26,855.06,NORMAL,,,,True,2,NO,,"{""cuda_device"": ""Orin"", ""df_h"": ""Filesystem      Size  Used Avail Use% Mounted on | /dev/nvme0n1p1  233G   33G  188G  15% /"", ""free_h"": ""total        used        free      shared  buff/cache   available | Mem:           7.4Gi       2.4Gi       1.8Gi        37Mi       3.2Gi       4.8Gi | Swap:          3.7Gi       0.0Ki       3.7Gi"", ""l4t"": ""# R36 (release), REVISION: 4.3, GCID: 38968081, BOARD: generic, EABI: aarch64, DATE: Wed Jan  8 01:49:37 UTC 2025\n# KERNEL_VARIANT: oot\nTARGET_USERSPACE_LIB_DIR=nvidia\nTARGET_USERSPACE_LIB_DIR_PATH=usr/lib/aarch64-linux-gnu/nvidia"", ""nvidia_smi"": ""Thu May  7 00:32:31 2026        | +---------------------------------------------------------------------------------------+ | | NVIDIA-SMI 540.4.0                Driver Version: 540.4.0      CUDA Version: 12.6     | | |-----------------------------------------+----------------------+----------------------+ | | GPU  Name                 Persistence-M | Bus-Id        Disp.A | Volatile Uncorr. ECC | | | Fan  Temp   Perf          Pwr:Usage/Cap |         Memory-Usage | GPU-Util  Compute M. | | |     "", ""platform"": ""Linux-5.15.148-tegra-aarch64-with-glibc2.35"", ""python"": ""3.10.12"", ""tegrastats_available"": true, ""torch_available"": true, ""torch_cuda_available"": true, ""torch_error"": """", ""torch_version"": ""2.8.0"", ""transformers_available"": true, ""transformers_error"": """", ""transformers_version"": ""5.8.0"", ""uname"": ""Linux rainbow-desktop 5.15.148-tegra #1 SMP PREEMPT Tue Jan 7 17:14:38 PST 2025 aarch64 aarch64 aarch64 GNU/Linux""}"
9,2026-05-06T16:32:50.505303+00:00,jetson_orin_nano,HuggingFaceTB/SmolVLM2-256M-Video-Instruct,results/figures/camera_v05_positive_detection.jpg,384x216,8,success,cuda,2.8.0,True,5.8.0,4817.17,864.73,594.8,855.06,NORMAL,,,,True,2,NO,,"{""cuda_device"": ""Orin"", ""df_h"": ""Filesystem      Size  Used Avail Use% Mounted on | /dev/nvme0n1p1  233G   33G  188G  15% /"", ""free_h"": ""total        used        free      shared  buff/cache   available | Mem:           7.4Gi       2.4Gi       1.8Gi        37Mi       3.2Gi       4.8Gi | Swap:          3.7Gi       0.0Ki       3.7Gi"", ""l4t"": ""# R36 (release), REVISION: 4.3, GCID: 38968081, BOARD: generic, EABI: aarch64, DATE: Wed Jan  8 01:49:37 UTC 2025\n# KERNEL_VARIANT: oot\nTARGET_USERSPACE_LIB_DIR=nvidia\nTARGET_USERSPACE_LIB_DIR_PATH=usr/lib/aarch64-linux-gnu/nvidia"", ""nvidia_smi"": ""Thu May  7 00:32:31 2026        | +---------------------------------------------------------------------------------------+ | | NVIDIA-SMI 540.4.0                Driver Version: 540.4.0      CUDA Version: 12.6     | | |-----------------------------------------+----------------------+----------------------+ | | GPU  Name                 Persistence-M | Bus-Id        Disp.A | Volatile Uncorr. ECC | | | Fan  Temp   Perf          Pwr:Usage/Cap |         Memory-Usage | GPU-Util  Compute M. | | |     "", ""platform"": ""Linux-5.15.148-tegra-aarch64-with-glibc2.35"", ""python"": ""3.10.12"", ""tegrastats_available"": true, ""torch_available"": true, ""torch_cuda_available"": true, ""torch_error"": """", ""torch_version"": ""2.8.0"", ""transformers_available"": true, ""transformers_error"": """", ""transformers_version"": ""5.8.0"", ""uname"": ""Linux rainbow-desktop 5.15.148-tegra #1 SMP PREEMPT Tue Jan 7 17:14:38 PST 2025 aarch64 aarch64 aarch64 GNU/Linux""}"
10,2026-05-06T16:32:51.370771+00:00,jetson_orin_nano,HuggingFaceTB/SmolVLM2-256M-Video-Instruct,results/figures/camera_v05_positive_detection.jpg,384x216,8,success,cuda,2.8.0,True,5.8.0,4817.17,865.33,597.08,855.06,NORMAL,,,,True,2,NO,,"{""cuda_device"": ""Orin"", ""df_h"": ""Filesystem      Size  Used Avail Use% Mounted on | /dev/nvme0n1p1  233G   33G  188G  15% /"", ""free_h"": ""total        used        free      shared  buff/cache   available | Mem:           7.4Gi       2.4Gi       1.8Gi        37Mi       3.2Gi       4.8Gi | Swap:          3.7Gi       0.0Ki       3.7Gi"", ""l4t"": ""# R36 (release), REVISION: 4.3, GCID: 38968081, BOARD: generic, EABI: aarch64, DATE: Wed Jan  8 01:49:37 UTC 2025\n# KERNEL_VARIANT: oot\nTARGET_USERSPACE_LIB_DIR=nvidia\nTARGET_USERSPACE_LIB_DIR_PATH=usr/lib/aarch64-linux-gnu/nvidia"", ""nvidia_smi"": ""Thu May  7 00:32:31 2026        | +---------------------------------------------------------------------------------------+ | | NVIDIA-SMI 540.4.0                Driver Version: 540.4.0      CUDA Version: 12.6     | | |-----------------------------------------+----------------------+----------------------+ | | GPU  Name                 Persistence-M | Bus-Id        Disp.A | Volatile Uncorr. ECC | | | Fan  Temp   Perf          Pwr:Usage/Cap |         Memory-Usage | GPU-Util  Compute M. | | |     "", ""platform"": ""Linux-5.15.148-tegra-aarch64-with-glibc2.35"", ""python"": ""3.10.12"", ""tegrastats_available"": true, ""torch_available"": true, ""torch_cuda_available"": true, ""torch_error"": """", ""torch_version"": ""2.8.0"", ""transformers_available"": true, ""transformers_error"": """", ""transformers_version"": ""5.8.0"", ""uname"": ""Linux rainbow-desktop 5.15.148-tegra #1 SMP PREEMPT Tue Jan 7 17:14:38 PST 2025 aarch64 aarch64 aarch64 GNU/Linux""}"
